{"ips-min":0.7900997996330261,"val-dcg@5":30.19672552509218,"_wandb":{"runtime":171},"_timestamp":1.7377281949065375e+09,"test nDCG@5-reg":0.2526132144050601,"epoch":9,"_runtime":167.43793,"regression model loss":26.75145260998783,"utility loss":1.0583524210011977e-15,"_step":1492,"val-ce":-71.34843222708244,"ips-max":115.99952944175087,"test nDCG@5":0.45904704968297627}