{"_timestamp":1.7377272621254823e+09,"val-dcg@5":71.88163127732354,"epoch":3,"test nDCG@5":0.45932197424756355,"_wandb":{"runtime":181},"_runtime":177.4425373,"_step":89,"utility loss":-8.682087709356578e-21}