{"test nDCG@5":0.020592058569386312,"_wandb":{"runtime":264},"utility loss":-0.000534762769764955,"_timestamp":1.7377276375708256e+09,"_runtime":256.0600246,"_step":89,"val-dcg@5":67.361955787556,"epoch":3}