{"_wandb":{"runtime":170},"utility loss":-3.3043710831433877e-16,"_timestamp":1.7377269450659726e+09,"_runtime":167.0353706,"_step":89,"val-dcg@5":79.69810353863075,"epoch":3,"test nDCG@5":0.002069474895136926}